,accession,hgvs_nt,hgvs_pro,score,stop,single_aa,syn,aa_num,possible
0,urn:mavedb:00000040-a-2#1,,p.Glu9Phe,0.019150516416554002,False,True,False,9,False
1,urn:mavedb:00000040-a-2#2,,p.Glu9Trp,0.022598837087029,False,True,False,9,False
2,urn:mavedb:00000040-a-2#3,,p.Glu9Cys,0.005824308552803,False,True,False,9,False
3,urn:mavedb:00000040-a-2#4,,p.Glu9Tyr,0.02084619600234,False,True,False,9,False
10,urn:mavedb:00000040-a-2#11,,p.Glu9Leu,0.017009160415883996,False,True,False,9,False
11,urn:mavedb:00000040-a-2#12,,p.Glu9Pro,-0.5,False,True,False,9,False
12,urn:mavedb:00000040-a-2#13,,p.Glu9His,0.025591747101950998,False,True,False,9,False
13,urn:mavedb:00000040-a-2#14,,p.Glu9Met,0.019072791152494,False,True,False,9,False
14,urn:mavedb:00000040-a-2#15,,p.Glu9Ile,-0.010811885702161,False,True,False,9,False
15,urn:mavedb:00000040-a-2#16,,p.Glu9Ser,0.004800644050897,False,True,False,9,False
16,urn:mavedb:00000040-a-2#17,,p.Glu9Arg,0.0041535332451149995,False,True,False,9,False
17,urn:mavedb:00000040-a-2#18,,p.Glu9Thr,0.008032715353106,False,True,False,9,False
18,urn:mavedb:00000040-a-2#19,,p.Glu9Asn,-0.010419743123564001,False,True,False,9,False
21,urn:mavedb:00000040-a-2#22,,p.Met8Phe,0.006574856228561,False,True,False,8,False
22,urn:mavedb:00000040-a-2#23,,p.Met8Trp,0.034708499507672005,False,True,False,8,False
23,urn:mavedb:00000040-a-2#24,,p.Met8Cys,0.016351427829382,False,True,False,8,False
24,urn:mavedb:00000040-a-2#25,,p.Met8Tyr,0.012687841049426,False,True,False,8,False
27,urn:mavedb:00000040-a-2#28,,p.Met8Gly,-0.151950226636594,False,True,False,8,False
28,urn:mavedb:00000040-a-2#29,,p.Met8Ala,0.029799815497189002,False,True,False,8,False
29,urn:mavedb:00000040-a-2#30,,p.Met8Asp,0.037236043154275006,False,True,False,8,False
30,urn:mavedb:00000040-a-2#31,,p.Met8Glu,0.029731976169493,False,True,False,8,False
32,urn:mavedb:00000040-a-2#33,,p.Met8Pro,-0.5,False,True,False,8,False
33,urn:mavedb:00000040-a-2#34,,p.Met8His,-0.001020115733734,False,True,False,8,False
36,urn:mavedb:00000040-a-2#37,,p.Met8Ser,0.00610595004829,False,True,False,8,False
39,urn:mavedb:00000040-a-2#40,,p.Met8Asn,-0.016765817672147,False,True,False,8,False
41,urn:mavedb:00000040-a-2#42,,p.Met8Gln,0.043434030057128994,False,True,False,8,False
42,urn:mavedb:00000040-a-2#43,,p.Asn7Phe,-0.008918476672502,False,True,False,7,False
43,urn:mavedb:00000040-a-2#44,,p.Asn7Trp,-0.0042295911480740005,False,True,False,7,False
44,urn:mavedb:00000040-a-2#45,,p.Asn7Cys,0.007346398184536998,False,True,False,7,False
47,urn:mavedb:00000040-a-2#48,,p.Asn7Val,0.012371089913463001,False,True,False,7,False
48,urn:mavedb:00000040-a-2#49,,p.Asn7Gly,0.01556025546537,False,True,False,7,False
49,urn:mavedb:00000040-a-2#50,,p.Asn7Ala,0.026369892641664998,False,True,False,7,False
51,urn:mavedb:00000040-a-2#52,,p.Asn7Glu,-0.09540203105632004,False,True,False,7,False
52,urn:mavedb:00000040-a-2#53,,p.Asn7Leu,0.050629944431091,False,True,False,7,False
53,urn:mavedb:00000040-a-2#54,,p.Asn7Pro,0.082948277598007,False,True,False,7,False
55,urn:mavedb:00000040-a-2#56,,p.Asn7Met,0.022694278347267997,False,True,False,7,False
58,urn:mavedb:00000040-a-2#59,,p.Asn7Arg,0.002787749453193,False,True,False,7,False
62,urn:mavedb:00000040-a-2#63,,p.Asn7Gln,0.023413209090268998,False,True,False,7,False
63,urn:mavedb:00000040-a-2#64,,p.Ala6Phe,-0.23255712348965696,False,True,False,6,False
64,urn:mavedb:00000040-a-2#65,,p.Ala6Trp,-0.055013668358984996,False,True,False,6,False
65,urn:mavedb:00000040-a-2#66,,p.Ala6Cys,-0.007625221552040999,False,True,False,6,False
66,urn:mavedb:00000040-a-2#67,,p.Ala6Tyr,-0.113854849757156,False,True,False,6,False
72,urn:mavedb:00000040-a-2#73,,p.Ala6Glu,-0.5,False,True,False,6,False
73,urn:mavedb:00000040-a-2#74,,p.Ala6Leu,-0.040552489413713,False,True,False,6,False
75,urn:mavedb:00000040-a-2#76,,p.Ala6His,-0.028413498256878996,False,True,False,6,False
76,urn:mavedb:00000040-a-2#77,,p.Ala6Met,-0.076294010366023,False,True,False,6,False
77,urn:mavedb:00000040-a-2#78,,p.Ala6Ile,-0.094113231993228,False,True,False,6,False
79,urn:mavedb:00000040-a-2#80,,p.Ala6Arg,-0.026209119961273997,False,True,False,6,False
81,urn:mavedb:00000040-a-2#82,,p.Ala6Asn,-0.038819156237762005,False,True,False,6,False
82,urn:mavedb:00000040-a-2#83,,p.Ala6Lys,-0.10806915372124301,False,True,False,6,False
83,urn:mavedb:00000040-a-2#84,,p.Ala6Gln,-0.04508190974994,False,True,False,6,False
85,urn:mavedb:00000040-a-2#86,,p.Ser5Trp,-0.5,False,True,False,5,False
89,urn:mavedb:00000040-a-2#90,,p.Ser5Val,-0.5,False,True,False,5,False
90,urn:mavedb:00000040-a-2#91,,p.Ser5Gly,0.007942695190576,False,True,False,5,False
92,urn:mavedb:00000040-a-2#93,,p.Ser5Asp,-0.5,False,True,False,5,False
93,urn:mavedb:00000040-a-2#94,,p.Ser5Glu,-0.5,False,True,False,5,False
94,urn:mavedb:00000040-a-2#95,,p.Ser5Leu,-0.5,False,True,False,5,False
96,urn:mavedb:00000040-a-2#97,,p.Ser5His,-0.5,False,True,False,5,False
97,urn:mavedb:00000040-a-2#98,,p.Ser5Met,-0.5,False,True,False,5,False
98,urn:mavedb:00000040-a-2#99,,p.Ser5Ile,-0.5,False,True,False,5,False
100,urn:mavedb:00000040-a-2#101,,p.Ser5Arg,-0.5,False,True,False,5,False
102,urn:mavedb:00000040-a-2#103,,p.Ser5Asn,0.033060026714305996,False,True,False,5,False
103,urn:mavedb:00000040-a-2#104,,p.Ser5Lys,-0.5,False,True,False,5,False
104,urn:mavedb:00000040-a-2#105,,p.Ser5Gln,-0.5,False,True,False,5,False
105,urn:mavedb:00000040-a-2#106,,p.Trp4Phe,0.025970834086225,False,True,False,4,False
108,urn:mavedb:00000040-a-2#109,,p.Trp4Tyr,-0.010834374805788999,False,True,False,4,False
110,urn:mavedb:00000040-a-2#111,,p.Trp4Val,0.016244690876162,False,True,False,4,False
112,urn:mavedb:00000040-a-2#113,,p.Trp4Ala,-0.021011957431003998,False,True,False,4,False
113,urn:mavedb:00000040-a-2#114,,p.Trp4Asp,-0.5,False,True,False,4,False
114,urn:mavedb:00000040-a-2#115,,p.Trp4Glu,-0.43897778970550394,False,True,False,4,False
116,urn:mavedb:00000040-a-2#117,,p.Trp4Pro,0.0006768030337670001,False,True,False,4,False
117,urn:mavedb:00000040-a-2#118,,p.Trp4His,-0.023537261295685,False,True,False,4,False
118,urn:mavedb:00000040-a-2#119,,p.Trp4Met,-0.012752984261690001,False,True,False,4,False
119,urn:mavedb:00000040-a-2#120,,p.Trp4Ile,0.031944030801289,False,True,False,4,False
122,urn:mavedb:00000040-a-2#123,,p.Trp4Thr,-0.036747450537389,False,True,False,4,False
123,urn:mavedb:00000040-a-2#124,,p.Trp4Asn,-0.080536103129474,False,True,False,4,False
124,urn:mavedb:00000040-a-2#125,,p.Trp4Lys,-0.294758618410345,False,True,False,4,False
125,urn:mavedb:00000040-a-2#126,,p.Trp4Gln,-0.029688350048338998,False,True,False,4,False
126,urn:mavedb:00000040-a-2#127,,p.Gly3Phe,0.022148889940366,False,True,False,3,False
127,urn:mavedb:00000040-a-2#128,,p.Gly3Trp,-0.040669521614845,False,True,False,3,False
129,urn:mavedb:00000040-a-2#130,,p.Gly3Tyr,-0.009994862005487,False,True,False,3,False
135,urn:mavedb:00000040-a-2#136,,p.Gly3Glu,-0.057311577549427,False,True,False,3,False
136,urn:mavedb:00000040-a-2#137,,p.Gly3Leu,-0.135845553821352,False,True,False,3,False
137,urn:mavedb:00000040-a-2#138,,p.Gly3Pro,-0.5,False,True,False,3,False
138,urn:mavedb:00000040-a-2#139,,p.Gly3His,-0.016797104968456003,False,True,False,3,False
139,urn:mavedb:00000040-a-2#140,,p.Gly3Met,0.011796851649358,False,True,False,3,False
140,urn:mavedb:00000040-a-2#141,,p.Gly3Ile,-0.446911753299187,False,True,False,3,False
143,urn:mavedb:00000040-a-2#144,,p.Gly3Thr,-0.023185343258327003,False,True,False,3,False
144,urn:mavedb:00000040-a-2#145,,p.Gly3Asn,-0.04497740378514199,False,True,False,3,False
145,urn:mavedb:00000040-a-2#146,,p.Gly3Lys,-0.09926310481212,False,True,False,3,False
146,urn:mavedb:00000040-a-2#147,,p.Gly3Gln,-0.017959238035486002,False,True,False,3,False
148,urn:mavedb:00000040-a-2#149,,p.Phe2Trp,0.006744186837894,False,True,False,2,False
153,urn:mavedb:00000040-a-2#154,,p.Phe2Gly,0.005854229596093,False,True,False,2,False
154,urn:mavedb:00000040-a-2#155,,p.Phe2Ala,0.005120461922165,False,True,False,2,False
155,urn:mavedb:00000040-a-2#156,,p.Phe2Asp,-0.018020605055992,False,True,False,2,False
156,urn:mavedb:00000040-a-2#157,,p.Phe2Glu,-0.052779511007949996,False,True,False,2,False
158,urn:mavedb:00000040-a-2#159,,p.Phe2Pro,-0.114190312046184,False,True,False,2,False
159,urn:mavedb:00000040-a-2#160,,p.Phe2His,0.0010318807683839999,False,True,False,2,False
160,urn:mavedb:00000040-a-2#161,,p.Phe2Met,-0.001835874100572,False,True,False,2,False
163,urn:mavedb:00000040-a-2#164,,p.Phe2Arg,-0.020384027822058996,False,True,False,2,False
164,urn:mavedb:00000040-a-2#165,,p.Phe2Thr,-0.0046795264664070005,False,True,False,2,False
165,urn:mavedb:00000040-a-2#166,,p.Phe2Asn,-0.012534034472027,False,True,False,2,False
166,urn:mavedb:00000040-a-2#167,,p.Phe2Lys,-0.028416958049090002,False,True,False,2,False
167,urn:mavedb:00000040-a-2#168,,p.Phe2Gln,-0.012847890603527,False,True,False,2,False
168,urn:mavedb:00000040-a-2#169,,p.Gln1Phe,-0.027985492471476,False,True,False,1,False
169,urn:mavedb:00000040-a-2#170,,p.Gln1Trp,0.001925036620594,False,True,False,1,False
170,urn:mavedb:00000040-a-2#171,,p.Gln1Cys,-0.00669567869113,False,True,False,1,False
171,urn:mavedb:00000040-a-2#172,,p.Gln1Tyr,0.007272289746167998,False,True,False,1,False
173,urn:mavedb:00000040-a-2#174,,p.Gln1Val,-0.023605997355550003,False,True,False,1,False
174,urn:mavedb:00000040-a-2#175,,p.Gln1Gly,-0.004956736087501999,False,True,False,1,False
175,urn:mavedb:00000040-a-2#176,,p.Gln1Ala,-0.011887516231792,False,True,False,1,False
176,urn:mavedb:00000040-a-2#177,,p.Gln1Asp,-0.0035130598614209994,False,True,False,1,False
181,urn:mavedb:00000040-a-2#182,,p.Gln1Met,0.004018426506299,False,True,False,1,False
182,urn:mavedb:00000040-a-2#183,,p.Gln1Ile,-0.021560592638731998,False,True,False,1,False
183,urn:mavedb:00000040-a-2#184,,p.Gln1Ser,-0.009801088697236,False,True,False,1,False
185,urn:mavedb:00000040-a-2#186,,p.Gln1Thr,-0.010435742218877,False,True,False,1,False
186,urn:mavedb:00000040-a-2#187,,p.Gln1Asn,0.015005015442458997,False,True,False,1,False
