,accession,hgvs_nt,hgvs_pro,score,single_aa,syn,possible
0,urn:mavedb:00000039-a-1#1,,p.Glu9Ter,-1.0,True,False,True
3,urn:mavedb:00000039-a-1#4,,p.Glu9Val,-0.08,True,False,True
7,urn:mavedb:00000039-a-1#8,,p.Glu9Gln,-0.22,True,False,True
12,urn:mavedb:00000039-a-1#13,,p.Glu9Lys,-0.24,True,False,True
15,urn:mavedb:00000039-a-1#16,,p.Glu9Gly,-0.17,True,False,True
18,urn:mavedb:00000039-a-1#19,,p.Glu9Asp,-0.02,True,False,True
20,urn:mavedb:00000039-a-1#21,,p.Glu9Ala,-0.1,True,False,True
24,urn:mavedb:00000039-a-1#25,,p.Met8Val,-0.19,True,False,True
25,urn:mavedb:00000039-a-1#26,,p.Met8Thr,-0.1,True,False,True
27,urn:mavedb:00000039-a-1#28,,p.Met8Arg,-0.11,True,False,True
32,urn:mavedb:00000039-a-1#33,,p.Met8Leu,0.03,True,False,True
33,urn:mavedb:00000039-a-1#34,,p.Met8Lys,-0.13,True,False,True
34,urn:mavedb:00000039-a-1#35,,p.Met8Ile,-0.14,True,False,True
43,urn:mavedb:00000039-a-1#44,,p.Asn7Tyr,0.0,True,False,True
46,urn:mavedb:00000039-a-1#47,,p.Asn7Thr,0.01,True,False,True
47,urn:mavedb:00000039-a-1#48,,p.Asn7Ser,0.01,True,False,True
54,urn:mavedb:00000039-a-1#55,,p.Asn7Lys,-0.3,True,False,True
55,urn:mavedb:00000039-a-1#56,,p.Asn7Ile,-0.29,True,False,True
56,urn:mavedb:00000039-a-1#57,,p.Asn7His,0.02,True,False,True
60,urn:mavedb:00000039-a-1#61,,p.Asn7Asp,-0.32,True,False,True
66,urn:mavedb:00000039-a-1#67,,p.Ala6Val,-0.07,True,False,True
67,urn:mavedb:00000039-a-1#68,,p.Ala6Thr,-0.12,True,False,True
68,urn:mavedb:00000039-a-1#69,,p.Ala6Ser,0.05,True,False,True
71,urn:mavedb:00000039-a-1#72,,p.Ala6Pro,-0.11,True,False,True
78,urn:mavedb:00000039-a-1#79,,p.Ala6Gly,0.06,True,False,True
81,urn:mavedb:00000039-a-1#82,,p.Ala6Asp,-1.0,True,False,True
85,urn:mavedb:00000039-a-1#86,,p.Ser5Tyr,-1.0,True,False,True
88,urn:mavedb:00000039-a-1#89,,p.Ser5Thr,-0.07,True,False,True
92,urn:mavedb:00000039-a-1#93,,p.Ser5Pro,-0.3,True,False,True
100,urn:mavedb:00000039-a-1#101,,p.Ser5Phe,-1.0,True,False,True
103,urn:mavedb:00000039-a-1#104,,p.Ser5Cys,-0.06,True,False,True
104,urn:mavedb:00000039-a-1#105,,p.Ser5Ala,-0.08,True,False,True
105,urn:mavedb:00000039-a-1#106,,p.Trp4Ter,-1.0,True,False,True
110,urn:mavedb:00000039-a-1#111,,p.Trp4Ser,-0.31,True,False,True
111,urn:mavedb:00000039-a-1#112,,p.Trp4Arg,-0.36,True,False,True
116,urn:mavedb:00000039-a-1#117,,p.Trp4Leu,-0.09,True,False,True
120,urn:mavedb:00000039-a-1#121,,p.Trp4Gly,-1.0,True,False,True
124,urn:mavedb:00000039-a-1#125,,p.Trp4Cys,-0.16,True,False,True
129,urn:mavedb:00000039-a-1#130,,p.Gly3Val,-0.24,True,False,True
131,urn:mavedb:00000039-a-1#132,,p.Gly3Ser,0.0,True,False,True
132,urn:mavedb:00000039-a-1#133,,p.Gly3Arg,-1.0,True,False,True
144,urn:mavedb:00000039-a-1#145,,p.Gly3Asp,-0.32,True,False,True
145,urn:mavedb:00000039-a-1#146,,p.Gly3Cys,0.0,True,False,True
146,urn:mavedb:00000039-a-1#147,,p.Gly3Ala,0.02,True,False,True
148,urn:mavedb:00000039-a-1#149,,p.Phe2Tyr,0.03,True,False,True
150,urn:mavedb:00000039-a-1#151,,p.Phe2Val,-0.18,True,False,True
152,urn:mavedb:00000039-a-1#153,,p.Phe2Ser,-0.19,True,False,True
158,urn:mavedb:00000039-a-1#159,,p.Phe2Leu,-0.02,True,False,True
160,urn:mavedb:00000039-a-1#161,,p.Phe2Ile,-0.16,True,False,True
166,urn:mavedb:00000039-a-1#167,,p.Phe2Cys,-0.06,True,False,True
168,urn:mavedb:00000039-a-1#169,,p.Gln1Ter,-1.0,True,False,True
174,urn:mavedb:00000039-a-1#175,,p.Gln1Arg,0.02,True,False,True
176,urn:mavedb:00000039-a-1#177,,p.Gln1Pro,0.01,True,False,True
179,urn:mavedb:00000039-a-1#180,,p.Gln1Leu,-0.05,True,False,True
180,urn:mavedb:00000039-a-1#181,,p.Gln1Lys,0.03,True,False,True
182,urn:mavedb:00000039-a-1#183,,p.Gln1His,-0.02,True,False,True
185,urn:mavedb:00000039-a-1#186,,p.Gln1Glu,0.02,True,False,True
