,accession,hgvs_nt,hgvs_pro,score,stop,single_aa,syn,possible
179,urn:mavedb:00000010-a-1#180,,p.Leu17Val,0.839189264013,False,True,False,True
540,urn:mavedb:00000010-a-1#541,,p.Ile71Thr,0.8301275809049999,False,True,False,True
565,urn:mavedb:00000010-a-1#566,,p.His9Arg,0.829494073877,False,True,False,True
599,urn:mavedb:00000010-a-1#600,,p.Ala16Val,0.82861238788,False,True,False,True
667,urn:mavedb:00000010-a-1#668,,p.Gly63Ala,0.8270143534800001,False,True,False,True
670,urn:mavedb:00000010-a-1#671,,p.Ile3Thr,0.826977840941,False,True,False,True
745,urn:mavedb:00000010-a-1#746,,p.Leu28Ser,0.8249836326860001,False,True,False,True
816,urn:mavedb:00000010-a-1#817,,p.Ala60Asp,0.8234795530500001,False,True,False,True
878,urn:mavedb:00000010-a-1#879,,p.Ala74Thr,0.8222500965649999,False,True,False,True
925,urn:mavedb:00000010-a-1#926,,p.Ala74Ser,0.820620117343,False,True,False,True
953,urn:mavedb:00000010-a-1#954,,p.Ile3Met,0.819935615113,False,True,False,True
969,urn:mavedb:00000010-a-1#970,,p.Ser22Tyr,0.819478629227,False,True,False,True
1020,urn:mavedb:00000010-a-1#1021,,p.Ala60Gly,0.818152948613,False,True,False,True
1041,urn:mavedb:00000010-a-1#1042,,p.Asn7Tyr,0.817462945625,False,True,False,True
1055,urn:mavedb:00000010-a-1#1056,,p.Val46Ile,0.817026791944,False,True,False,True
1058,urn:mavedb:00000010-a-1#1059,,p.Ile27Val,0.817004046772,False,True,False,True
1059,urn:mavedb:00000010-a-1#1060,,p.Ser30Gly,0.8169674307379999,False,True,False,True
1065,urn:mavedb:00000010-a-1#1066,,p.Val23Ala,0.816810376518,False,True,False,True
1156,urn:mavedb:00000010-a-1#1157,,p.Ala33Gly,0.8143875592350001,False,True,False,True
1184,urn:mavedb:00000010-a-1#1185,,p.Ile71Phe,0.813812082642,False,True,False,True
1187,urn:mavedb:00000010-a-1#1188,,p.Asp11Gly,0.813717784506,False,True,False,True
1334,urn:mavedb:00000010-a-1#1335,,p.Gly63Cys,0.810427711223,False,True,False,True
1579,urn:mavedb:00000010-a-1#1580,,p.Leu28Trp,0.803164603749,False,True,False,True
1662,urn:mavedb:00000010-a-1#1663,,p.Ile12Leu,0.8010018241769999,False,True,False,True
1699,urn:mavedb:00000010-a-1#1700,,p.His9Tyr,0.7995173975640001,False,True,False,True
1758,urn:mavedb:00000010-a-1#1759,,p.Glu56Lys,0.798105409746,False,True,False,True
1851,urn:mavedb:00000010-a-1#1852,,p.Gly38Val,0.795389888717,False,True,False,True
2386,urn:mavedb:00000010-a-1#2387,,p.Met64Thr,0.7809119927920001,False,True,False,True
2403,urn:mavedb:00000010-a-1#2404,,p.Ala16Gly,0.7807260325650001,False,True,False,True
2542,urn:mavedb:00000010-a-1#2543,,p.Phe24Leu,0.776265486765,False,True,False,True
2658,urn:mavedb:00000010-a-1#2659,,p.Gly63Asp,0.773161815855,False,True,False,True
2681,urn:mavedb:00000010-a-1#2682,,p.Leu28Phe,0.7726618418719999,False,True,False,True
2723,urn:mavedb:00000010-a-1#2724,,p.Asn67His,0.771378206466,False,True,False,True
2763,urn:mavedb:00000010-a-1#2764,,p.Ile12Val,0.770355557022,False,True,False,True
2784,urn:mavedb:00000010-a-1#2785,,p.Asn62Ile,0.769871910827,False,True,False,True
2919,urn:mavedb:00000010-a-1#2920,,p.Ile58Phe,0.766240116496,False,True,False,True
3079,urn:mavedb:00000010-a-1#3080,,p.Val73Ile,1.17047245786,False,True,False,True
3081,urn:mavedb:00000010-a-1#3082,,p.Ile32Thr,0.762126234708,False,True,False,True
3100,urn:mavedb:00000010-a-1#3101,,p.Met64Lys,0.761294155936,False,True,False,True
3309,urn:mavedb:00000010-a-1#3310,,p.Ile58Ser,0.7552047450120001,False,True,False,True
3324,urn:mavedb:00000010-a-1#3325,,p.Asp13Glu,0.754585957499,False,True,False,True
3665,urn:mavedb:00000010-a-1#3666,,p.Ser40Tyr,0.74468590957,False,True,False,True
3859,urn:mavedb:00000010-a-1#3860,,p.Phe48Leu,0.739520467947,False,True,False,True
3914,urn:mavedb:00000010-a-1#3915,,p.Asp13Gly,0.738283904039,False,True,False,True
4089,urn:mavedb:00000010-a-1#4090,,p.His47Gln,0.732706009929,False,True,False,True
4254,urn:mavedb:00000010-a-1#4255,,p.Tyr18Cys,0.727607702196,False,True,False,True
4411,urn:mavedb:00000010-a-1#4412,,p.Gly1Ser,0.7217883426989999,False,True,False,True
4415,urn:mavedb:00000010-a-1#4416,,p.Tyr18Asp,0.721637609366,False,True,False,True
4494,urn:mavedb:00000010-a-1#4495,,p.Leu61Ser,0.71906896892,False,True,False,True
4553,urn:mavedb:00000010-a-1#4554,,p.Ile58Asn,0.717395337342,False,True,False,True
4568,urn:mavedb:00000010-a-1#4569,,p.Phe24Ile,0.717010059446,False,True,False,True
4720,urn:mavedb:00000010-a-1#4721,,p.Gly1Ala,0.711743231979,False,True,False,True
5017,urn:mavedb:00000010-a-1#5018,,p.Lys41Met,0.702864036206,False,True,False,True
5209,urn:mavedb:00000010-a-1#5210,,p.Ala57Gly,0.697171277418,False,True,False,True
5211,urn:mavedb:00000010-a-1#5212,,p.Met64Arg,0.696916155898,False,True,False,True
5288,urn:mavedb:00000010-a-1#5289,,p.Ser30Asn,0.694240427651,False,True,False,True
5349,urn:mavedb:00000010-a-1#5350,,p.Asn67Tyr,0.6923873400470001,False,True,False,True
5360,urn:mavedb:00000010-a-1#5361,,p.Leu61Met,0.6921469152249999,False,True,False,True
5442,urn:mavedb:00000010-a-1#5443,,p.Phe21Tyr,0.689853849032,False,True,False,True
5475,urn:mavedb:00000010-a-1#5476,,p.Ile5Thr,0.689047215376,False,True,False,True
5484,urn:mavedb:00000010-a-1#5485,,p.Lys15Gln,0.6885566700210001,False,True,False,True
5604,urn:mavedb:00000010-a-1#5605,,p.Phe21Ser,0.6848646494149999,False,True,False,True
5918,urn:mavedb:00000010-a-1#5919,,p.Tyr72His,0.675273847871,False,True,False,True
5951,urn:mavedb:00000010-a-1#5952,,p.Lys31Arg,0.674010415316,False,True,False,True
6060,urn:mavedb:00000010-a-1#6061,,p.Tyr72Cys,0.670965463138,False,True,False,True
6453,urn:mavedb:00000010-a-1#6454,,p.Ala16Asp,0.658949394334,False,True,False,True
6511,urn:mavedb:00000010-a-1#6512,,p.Gly25Ser,0.656831779422,False,True,False,True
6520,urn:mavedb:00000010-a-1#6521,,p.Lys15Met,0.656502579484,False,True,False,True
6571,urn:mavedb:00000010-a-1#6572,,p.Lys41Gln,0.654938648931,False,True,False,True
6602,urn:mavedb:00000010-a-1#6603,,p.Ser40Cys,0.654068403519,False,True,False,True
6698,urn:mavedb:00000010-a-1#6699,,p.Ala33Thr,0.650884395283,False,True,False,True
6818,urn:mavedb:00000010-a-1#6819,,p.Leu66Trp,0.646856373091,False,True,False,True
6856,urn:mavedb:00000010-a-1#6857,,p.Gly68Val,0.645759188188,False,True,False,True
6902,urn:mavedb:00000010-a-1#6903,,p.Gly42Arg,1.13992437574,False,True,False,True
7000,urn:mavedb:00000010-a-1#7001,,p.Asn7Thr,0.640878511845,False,True,False,True
7237,urn:mavedb:00000010-a-1#7238,,p.Ala54Thr,0.632446651333,False,True,False,True
7433,urn:mavedb:00000010-a-1#7434,,p.Thr20Ile,0.6259876045830001,False,True,False,True
7478,urn:mavedb:00000010-a-1#7479,,p.Ala54Val,0.624416196911,False,True,False,True
7512,urn:mavedb:00000010-a-1#7513,,p.Pro75Arg,1.13394835866,False,True,False,True
7695,urn:mavedb:00000010-a-1#7696,,p.Gly25Ala,0.617257980277,False,True,False,True
7860,urn:mavedb:00000010-a-1#7861,,p.Asn14Ile,0.610538281573,False,True,False,True
7865,urn:mavedb:00000010-a-1#7866,,p.Val23Gly,0.610404245257,False,True,False,True
8164,urn:mavedb:00000010-a-1#8165,,p.Lys15Asn,0.599387918358,False,True,False,True
8192,urn:mavedb:00000010-a-1#8193,,p.Asn7Asp,0.598524467664,False,True,False,True
8391,urn:mavedb:00000010-a-1#8392,,p.Ile27Leu,0.591959775019,False,True,False,True
8441,urn:mavedb:00000010-a-1#8442,,p.Leu61Phe,0.590106003524,False,True,False,True
8470,urn:mavedb:00000010-a-1#8471,,p.Ala54Asp,0.589099698179,False,True,False,True
8479,urn:mavedb:00000010-a-1#8480,,p.Gln69Arg,1.12806890674,False,True,False,True
8576,urn:mavedb:00000010-a-1#8577,,p.Ile12Phe,0.585169946438,False,True,False,True
8588,urn:mavedb:00000010-a-1#8589,,p.Ile12Met,0.5846839174,False,True,False,True
8626,urn:mavedb:00000010-a-1#8627,,p.Asp13Ala,0.583025970035,False,True,False,True
8771,urn:mavedb:00000010-a-1#8772,,p.Leu61Trp,0.57760905995,False,True,False,True
9311,urn:mavedb:00000010-a-1#9312,,p.Phe24Tyr,0.556732409246,False,True,False,True
9313,urn:mavedb:00000010-a-1#9314,,p.Thr20Asn,0.556583586572,False,True,False,True
9397,urn:mavedb:00000010-a-1#9398,,p.Lys15Thr,0.5525036225,False,True,False,True
9423,urn:mavedb:00000010-a-1#9424,,p.Gly42Cys,1.1216568784299998,False,True,False,True
9881,urn:mavedb:00000010-a-1#9882,,p.Ser30Thr,0.533335268676,False,True,False,True
9997,urn:mavedb:00000010-a-1#9998,,p.Tyr72Ser,0.527856761512,False,True,False,True
10092,urn:mavedb:00000010-a-1#10093,,p.Asp13Val,0.5240029226640001,False,True,False,True
10099,urn:mavedb:00000010-a-1#10100,,p.Tyr72Asn,0.5238188690410001,False,True,False,True
10381,urn:mavedb:00000010-a-1#10382,,p.Leu28Val,0.512878591727,False,True,False,True
10542,urn:mavedb:00000010-a-1#10543,,p.Lys41Asn,0.506050926858,False,True,False,True
10994,urn:mavedb:00000010-a-1#10995,,p.Ala33Asp,0.4872287610710001,False,True,False,True
11327,urn:mavedb:00000010-a-1#11328,,p.Asn14Tyr,0.472952659468,False,True,False,True
11588,urn:mavedb:00000010-a-1#11589,,p.Ile5Phe,0.461896213889,False,True,False,True
11627,urn:mavedb:00000010-a-1#11628,,p.Val46Leu,0.459979376784,False,True,False,True
11877,urn:mavedb:00000010-a-1#11878,,p.Gly1Cys,0.449026714684,False,True,False,True
11957,urn:mavedb:00000010-a-1#11958,,p.Gln69His,1.10645286198,False,True,False,True
11979,urn:mavedb:00000010-a-1#11980,,p.Ile71Leu,1.10633097544,False,True,False,True
11995,urn:mavedb:00000010-a-1#11996,,p.Lys31Met,0.443346242799,False,True,False,True
12055,urn:mavedb:00000010-a-1#12056,,p.Lys41Glu,0.440687381565,False,True,False,True
12276,urn:mavedb:00000010-a-1#12277,,p.Ile12Thr,0.431186569319,False,True,False,True
12523,urn:mavedb:00000010-a-1#12524,,p.Ile3Asn,0.421403731704,False,True,False,True
12542,urn:mavedb:00000010-a-1#12543,,p.Asp13Tyr,0.420693788599,False,True,False,True
12780,urn:mavedb:00000010-a-1#12781,,p.His9Asn,1.1019291969299998,False,True,False,True
12874,urn:mavedb:00000010-a-1#12875,,p.Ser29Cys,0.404591626718,False,True,False,True
13022,urn:mavedb:00000010-a-1#13023,,p.Phe24Val,0.3986690296280001,False,True,False,True
13042,urn:mavedb:00000010-a-1#13043,,p.Ile32Ser,0.397814362776,False,True,False,True
13055,urn:mavedb:00000010-a-1#13056,,p.Val46Gly,0.397099683668,False,True,False,True
13168,urn:mavedb:00000010-a-1#13169,,p.Ala74Gly,1.0997389011799998,False,True,False,True
13259,urn:mavedb:00000010-a-1#13260,,p.Gln69Pro,0.387851124338,False,True,False,True
13492,urn:mavedb:00000010-a-1#13493,,p.Asn14Lys,0.376005044734,False,True,False,True
13638,urn:mavedb:00000010-a-1#13639,,p.Ala54Pro,0.368011134113,False,True,False,True
13754,urn:mavedb:00000010-a-1#13755,,p.Phe24Cys,0.362425352901,False,True,False,True
13910,urn:mavedb:00000010-a-1#13911,,p.Lys31Thr,0.355056914084,False,True,False,True
13967,urn:mavedb:00000010-a-1#13968,,p.Gly63Val,0.352351136785,False,True,False,True
14127,urn:mavedb:00000010-a-1#14128,,p.Val73Gly,0.34209480016000005,False,True,False,True
14184,urn:mavedb:00000010-a-1#14185,,p.Gly42Asp,0.339047674762,False,True,False,True
14310,urn:mavedb:00000010-a-1#14311,,p.Phe48Ile,0.332993369752,False,True,False,True
14644,urn:mavedb:00000010-a-1#14645,,p.Lys15Glu,0.316643210833,False,True,False,True
14714,urn:mavedb:00000010-a-1#14715,,p.Gly1Arg,0.31368969371,False,True,False,True
14727,urn:mavedb:00000010-a-1#14728,,p.Val73Asp,0.313196427673,False,True,False,True
14741,urn:mavedb:00000010-a-1#14742,,p.Lys31Gln,0.312454192808,False,True,False,True
14896,urn:mavedb:00000010-a-1#14897,,p.Ser30Ile,0.306362715429,False,True,False,True
14977,urn:mavedb:00000010-a-1#14978,,p.Gly25Cys,0.303044449945,False,True,False,True
15055,urn:mavedb:00000010-a-1#15056,,p.Asn7Ile,0.299041464254,False,True,False,True
15061,urn:mavedb:00000010-a-1#15062,,p.His47Asn,0.298646226277,False,True,False,True
15107,urn:mavedb:00000010-a-1#15108,,p.Ala16Pro,0.296235949977,False,True,False,True
15145,urn:mavedb:00000010-a-1#15146,,p.Phe43Val,0.294287439387,False,True,False,True
15154,urn:mavedb:00000010-a-1#15155,,p.Ile27Thr,0.29395152981600003,False,True,False,True
15248,urn:mavedb:00000010-a-1#15249,,p.Ile32Asn,0.289647473772,False,True,False,True
15335,urn:mavedb:00000010-a-1#15336,,p.Asp11His,1.08861727339,False,True,False,True
15475,urn:mavedb:00000010-a-1#15476,,p.His47Leu,0.279770494733,False,True,False,True
15502,urn:mavedb:00000010-a-1#15503,,p.Ile71Ser,0.27866784316300003,False,True,False,True
15628,urn:mavedb:00000010-a-1#15629,,p.Ile32Phe,0.273047528837,False,True,False,True
15924,urn:mavedb:00000010-a-1#15925,,p.Val73Ala,1.0857703937999998,False,True,False,True
15971,urn:mavedb:00000010-a-1#15972,,p.Tyr72Asp,0.258099142251,False,True,False,True
15975,urn:mavedb:00000010-a-1#15976,,p.Ser29Ala,0.25789755516,False,True,False,True
16213,urn:mavedb:00000010-a-1#16214,,p.Ile27Met,0.249055740203,False,True,False,True
16496,urn:mavedb:00000010-a-1#16497,,p.Phe43Cys,0.236891436276,False,True,False,True
16533,urn:mavedb:00000010-a-1#16534,,p.Ala74Asp,0.234994571437,False,True,False,True
16597,urn:mavedb:00000010-a-1#16598,,p.Phe43Ile,0.232343721246,False,True,False,True
16648,urn:mavedb:00000010-a-1#16649,,p.Gly1Val,0.230314981226,False,True,False,True
16665,urn:mavedb:00000010-a-1#16666,,p.Gly1Asp,0.229852843004,False,True,False,True
17206,urn:mavedb:00000010-a-1#17207,,p.Phe43Ser,0.208596806945,False,True,False,True
17286,urn:mavedb:00000010-a-1#17287,,p.Ile12Ser,0.205772788902,False,True,False,True
17321,urn:mavedb:00000010-a-1#17322,,p.Lys31Asn,0.204442563901,False,True,False,True
17362,urn:mavedb:00000010-a-1#17363,,p.Phe48Cys,0.203148822403,False,True,False,True
17371,urn:mavedb:00000010-a-1#17372,,p.Val73Phe,0.202743852587,False,True,False,True
17426,urn:mavedb:00000010-a-1#17427,,p.Ser29Thr,0.200400876043,False,True,False,True
17534,urn:mavedb:00000010-a-1#17535,,p.Gln69Glu,1.07838755767,False,True,False,True
17949,urn:mavedb:00000010-a-1#17950,,p.His47Asp,0.182747675095,False,True,False,True
17969,urn:mavedb:00000010-a-1#17970,,p.Gly42Val,0.18227927957000006,False,True,False,True
18045,urn:mavedb:00000010-a-1#18046,,p.Ser30Arg,0.17994334387000002,False,True,False,True
18518,urn:mavedb:00000010-a-1#18519,,p.Ile12Asn,0.165554164312,False,True,False,True
18723,urn:mavedb:00000010-a-1#18724,,p.Glu70Lys,1.0724985208600002,False,True,False,True
18943,urn:mavedb:00000010-a-1#18944,,p.Thr20Pro,0.153468731954,False,True,False,True
18948,urn:mavedb:00000010-a-1#18949,,p.Phe4Ile,0.15337885609500002,False,True,False,True
18968,urn:mavedb:00000010-a-1#18969,,p.Thr20Ser,1.07107719131,False,True,False,True
18978,urn:mavedb:00000010-a-1#18979,,p.Phe48Val,0.152823051735,False,True,False,True
19100,urn:mavedb:00000010-a-1#19101,,p.His47Arg,0.149581204831,False,True,False,True
19338,urn:mavedb:00000010-a-1#19339,,p.Lys6Asn,0.14387878152,False,True,False,True
19410,urn:mavedb:00000010-a-1#19411,,p.Lys41Thr,0.142179708325,False,True,False,True
19568,urn:mavedb:00000010-a-1#19569,,p.Gln69Leu,1.06820116745,False,True,False,True
19940,urn:mavedb:00000010-a-1#19941,,p.His47Tyr,0.130079542584,False,True,False,True
20123,urn:mavedb:00000010-a-1#20124,,p.Ile5Ser,0.12614625214400002,False,True,False,True
20133,urn:mavedb:00000010-a-1#20134,,p.Phe45Cys,0.126042226659,False,True,False,True
20179,urn:mavedb:00000010-a-1#20180,,p.His9Asp,1.06495952919,False,True,False,True
20335,urn:mavedb:00000010-a-1#20336,,p.Asp59Glu,1.0643626160700002,False,True,False,True
20501,urn:mavedb:00000010-a-1#20502,,p.Ala16Ser,1.06391603372,False,True,False,True
20737,urn:mavedb:00000010-a-1#20738,,p.Lys6Gln,0.114325622003,False,True,False,True
20948,urn:mavedb:00000010-a-1#20949,,p.Gly25Asp,0.11056814176,False,True,False,True
21180,urn:mavedb:00000010-a-1#21181,,p.Phe24Ser,0.107162606198,False,True,False,True
21226,urn:mavedb:00000010-a-1#21227,,p.Asn2Lys,0.10634217928,False,True,False,True
21279,urn:mavedb:00000010-a-1#21280,,p.Pro10Thr,1.0597211721100002,False,True,False,True
21309,urn:mavedb:00000010-a-1#21310,,p.Ile3Ser,0.104905836998,False,True,False,True
21424,urn:mavedb:00000010-a-1#21425,,p.Ile5Asn,0.103044031975,False,True,False,True
21619,urn:mavedb:00000010-a-1#21620,,p.Lys6Glu,0.100301620822,False,True,False,True
21751,urn:mavedb:00000010-a-1#21752,,p.Leu8Ser,0.09846460876,False,True,False,True
21914,urn:mavedb:00000010-a-1#21915,,p.Phe4Leu,0.0963221962775,False,True,False,True
21934,urn:mavedb:00000010-a-1#21935,,p.Asp19Glu,1.05691204762,False,True,False,True
21989,urn:mavedb:00000010-a-1#21990,,p.Val23Leu,1.05664321206,False,True,False,True
22040,urn:mavedb:00000010-a-1#22041,,p.Phe43Leu,0.094666100697,False,True,False,True
22137,urn:mavedb:00000010-a-1#22138,,p.Leu17Ser,0.09314636363,False,True,False,True
22141,urn:mavedb:00000010-a-1#22142,,p.Asn2Asp,0.0929736879618,False,True,False,True
22245,urn:mavedb:00000010-a-1#22246,,p.Ala57Pro,0.091569885144,False,True,False,True
22405,urn:mavedb:00000010-a-1#22406,,p.Asn2Ser,0.09000252896029999,False,True,False,True
22506,urn:mavedb:00000010-a-1#22507,,p.Val46Phe,0.08876450143989999,False,True,False,True
22587,urn:mavedb:00000010-a-1#22588,,p.Ile71Asn,0.08799265686560001,False,True,False,True
22768,urn:mavedb:00000010-a-1#22769,,p.Leu17Phe,1.05415837627,False,True,False,True
22879,urn:mavedb:00000010-a-1#22880,,p.Glu49Lys,1.05370020925,False,True,False,True
23224,urn:mavedb:00000010-a-1#23225,,p.Glu36Ala,1.05236379812,False,True,False,True
23246,urn:mavedb:00000010-a-1#23247,,p.Pro75Ser,1.0523196876799998,False,True,False,True
23312,urn:mavedb:00000010-a-1#23313,,p.Ala16Thr,1.0520432714,False,True,False,True
23525,urn:mavedb:00000010-a-1#23526,,p.Ala60Pro,0.0779380881457,False,True,False,True
23635,urn:mavedb:00000010-a-1#23636,,p.Ile71Met,1.05081093231,False,True,False,True
23757,urn:mavedb:00000010-a-1#23758,,p.Glu36Lys,1.05029222205,False,True,False,True
23783,urn:mavedb:00000010-a-1#23784,,p.Ser22Pro,0.07535317484699999,False,True,False,True
23820,urn:mavedb:00000010-a-1#23821,,p.Ala57Asp,0.0749354771517,False,True,False,True
23868,urn:mavedb:00000010-a-1#23869,,p.Ile71Val,1.04999365625,False,True,False,True
24190,urn:mavedb:00000010-a-1#24191,,p.Gln69Lys,1.04892158895,False,True,False,True
24260,urn:mavedb:00000010-a-1#24261,,p.Ser29Phe,0.0706601631337,False,True,False,True
24268,urn:mavedb:00000010-a-1#24269,,p.Gly38Arg,1.04865099059,False,True,False,True
24434,urn:mavedb:00000010-a-1#24435,,p.Gly68Ser,1.04812009721,False,True,False,True
24455,urn:mavedb:00000010-a-1#24456,,p.Ala74Pro,0.0691908144779,False,True,False,True
24580,urn:mavedb:00000010-a-1#24581,,p.Pro10Leu,1.04767173217,False,True,False,True
24655,urn:mavedb:00000010-a-1#24656,,p.Ser29Tyr,0.0675668712385,False,True,False,True
24802,urn:mavedb:00000010-a-1#24803,,p.Lys15Arg,1.0465061862,False,True,False,True
25068,urn:mavedb:00000010-a-1#25069,,p.Gly52Ala,1.04568604946,False,True,False,True
25135,urn:mavedb:00000010-a-1#25136,,p.Glu36Val,1.04531869632,False,True,False,True
25262,urn:mavedb:00000010-a-1#25263,,p.Lys6Met,0.0623064212224,False,True,False,True
25317,urn:mavedb:00000010-a-1#25318,,p.Phe45Ser,0.061896925503400015,False,True,False,True
25379,urn:mavedb:00000010-a-1#25380,,p.Gly44Ala,1.04426204605,False,True,False,True
25399,urn:mavedb:00000010-a-1#25400,,p.Phe4Ser,0.0614358438472,False,True,False,True
25490,urn:mavedb:00000010-a-1#25491,,p.Val73Leu,1.04395669548,False,True,False,True
25593,urn:mavedb:00000010-a-1#25594,,p.Asn2Ile,0.0599627759393,False,True,False,True
25644,urn:mavedb:00000010-a-1#25645,,p.Lys6Thr,0.0594957562428,False,True,False,True
25708,urn:mavedb:00000010-a-1#25709,,p.Lys31Glu,0.0589849892128,False,True,False,True
25757,urn:mavedb:00000010-a-1#25758,,p.Met64Leu,1.04303602047,False,True,False,True
25775,urn:mavedb:00000010-a-1#25776,,p.Phe4Val,0.05854217171630001,False,True,False,True
25946,urn:mavedb:00000010-a-1#25947,,p.Thr20Ala,1.04232687539,False,True,False,True
25957,urn:mavedb:00000010-a-1#25958,,p.Leu61Val,1.04219905299,False,True,False,True
26094,urn:mavedb:00000010-a-1#26095,,p.Leu8Trp,0.056352734647699985,False,True,False,True
26109,urn:mavedb:00000010-a-1#26110,,p.Phe4Cys,0.05615241465390002,False,True,False,True
26219,urn:mavedb:00000010-a-1#26220,,p.Ile27Phe,0.0554996538597,False,True,False,True
26287,urn:mavedb:00000010-a-1#26288,,p.Ile3Phe,0.055125024941,False,True,False,True
26368,urn:mavedb:00000010-a-1#26369,,p.His9Pro,1.04089651729,False,True,False,True
26434,urn:mavedb:00000010-a-1#26435,,p.Asn62Thr,1.0405575997,False,True,False,True
26534,urn:mavedb:00000010-a-1#26535,,p.Pro10Arg,1.04014745938,False,True,False,True
26557,urn:mavedb:00000010-a-1#26558,,p.Gly52Val,1.03999849888,False,True,False,True
26568,urn:mavedb:00000010-a-1#26569,,p.Lys41Arg,1.03998564861,False,True,False,True
26645,urn:mavedb:00000010-a-1#26646,,p.Phe4Tyr,1.03976625611,False,True,False,True
26735,urn:mavedb:00000010-a-1#26736,,p.Asn62Ser,1.0395087486,False,True,False,True
26746,urn:mavedb:00000010-a-1#26747,,p.Phe21Leu,1.03945445237,False,True,False,True
26879,urn:mavedb:00000010-a-1#26880,,p.Glu50Lys,1.03898906086,False,True,False,True
26964,urn:mavedb:00000010-a-1#26965,,p.Leu17Trp,0.0506788873189,False,True,False,True
27119,urn:mavedb:00000010-a-1#27120,,p.Gly44Trp,0.0498605627905,False,True,False,True
27241,urn:mavedb:00000010-a-1#27242,,p.Phe45Leu,0.0492559318608,False,True,False,True
27248,urn:mavedb:00000010-a-1#27249,,p.Ser29Pro,0.049251684041800005,False,True,False,True
27523,urn:mavedb:00000010-a-1#27524,,p.Tyr18Asn,1.03678363194,False,True,False,True
27622,urn:mavedb:00000010-a-1#27623,,p.Asn2His,0.047049254086499986,False,True,False,True
27664,urn:mavedb:00000010-a-1#27665,,p.Ile27Asn,0.04677813909519999,False,True,False,True
27844,urn:mavedb:00000010-a-1#27845,,p.Gly25Val,0.04581077244,False,True,False,True
27912,urn:mavedb:00000010-a-1#27913,,p.Ile27Ser,0.0453438214061,False,True,False,True
28009,urn:mavedb:00000010-a-1#28010,,p.Asn2Thr,0.0447397870856,False,True,False,True
28052,urn:mavedb:00000010-a-1#28053,,p.Gly44Val,0.04447894007040002,False,True,False,True
28146,urn:mavedb:00000010-a-1#28147,,p.Asn62Lys,1.03480434505,False,True,False,True
28220,urn:mavedb:00000010-a-1#28221,,p.Gly25Arg,0.0435965844812,False,True,False,True
28363,urn:mavedb:00000010-a-1#28364,,p.Phe45Ile,0.0428002710334,False,True,False,True
28434,urn:mavedb:00000010-a-1#28435,,p.Glu36Gln,1.03431206551,False,True,False,True
28440,urn:mavedb:00000010-a-1#28441,,p.Asn2Tyr,0.04236863098450002,False,True,False,True
28677,urn:mavedb:00000010-a-1#28678,,p.Phe45Val,0.041013280219,False,True,False,True
28990,urn:mavedb:00000010-a-1#28991,,p.His9Leu,1.03217468021,False,True,False,True
29091,urn:mavedb:00000010-a-1#29092,,p.Phe48Ser,0.0386120136365,False,True,False,True
29113,urn:mavedb:00000010-a-1#29114,,p.Gly42Ser,1.03198032332,False,True,False,True
29298,urn:mavedb:00000010-a-1#29299,,p.Gly44Glu,0.0376726423056,False,True,False,True
29468,urn:mavedb:00000010-a-1#29469,,p.Pro75His,1.03084116894,False,True,False,True
29712,urn:mavedb:00000010-a-1#29713,,p.Leu66Val,1.03015518855,False,True,False,True
29805,urn:mavedb:00000010-a-1#29806,,p.Gly44Arg,0.034884790524,False,True,False,True
29845,urn:mavedb:00000010-a-1#29846,,p.Asn37Lys,1.02958295801,False,True,False,True
30157,urn:mavedb:00000010-a-1#30158,,p.Ala60Thr,1.02832236203,False,True,False,True
30168,urn:mavedb:00000010-a-1#30169,,p.Glu36Gly,1.0283148877,False,True,False,True
30179,urn:mavedb:00000010-a-1#30180,,p.Glu50Gln,1.02829741947,False,True,False,True
30206,urn:mavedb:00000010-a-1#30207,,p.Val46Asp,0.0326616874372,False,True,False,True
30534,urn:mavedb:00000010-a-1#30535,,p.Pro10Ala,1.02701377015,False,True,False,True
30590,urn:mavedb:00000010-a-1#30591,,p.Asn37His,1.0267972199,False,True,False,True
30623,urn:mavedb:00000010-a-1#30624,,p.Glu50Val,1.02670875332,False,True,False,True
30745,urn:mavedb:00000010-a-1#30746,,p.Ser22Thr,1.02642783143,False,True,False,True
30912,urn:mavedb:00000010-a-1#30913,,p.Glu56Asp,1.02590038249,False,True,False,True
31135,urn:mavedb:00000010-a-1#31136,,p.Asp35Ala,1.02533789066,False,True,False,True
31268,urn:mavedb:00000010-a-1#31269,,p.Asn7Lys,1.02493448709,False,True,False,True
31346,urn:mavedb:00000010-a-1#31347,,p.Ile58Val,1.02461432623,False,True,False,True
31390,urn:mavedb:00000010-a-1#31391,,p.Asp35Gly,1.02452855673,False,True,False,True
31401,urn:mavedb:00000010-a-1#31402,,p.Ala53Val,1.02448961394,False,True,False,True
31446,urn:mavedb:00000010-a-1#31447,,p.Ile5Leu,1.0242815639,False,True,False,True
31457,urn:mavedb:00000010-a-1#31458,,p.Pro10Ser,1.0241968275700002,False,True,False,True
31565,urn:mavedb:00000010-a-1#31566,,p.His47Pro,0.0254562223424,False,True,False,True
31645,urn:mavedb:00000010-a-1#31646,,p.Leu66Met,1.02331973405,False,True,False,True
32034,urn:mavedb:00000010-a-1#32035,,p.Pro75Ala,1.0221506664,False,True,False,True
32045,urn:mavedb:00000010-a-1#32046,,p.Gly68Asp,1.02213115707,False,True,False,True
32123,urn:mavedb:00000010-a-1#32124,,p.Leu65Val,1.02193426162,False,True,False,True
32134,urn:mavedb:00000010-a-1#32135,,p.Leu66Phe,1.02186368957,False,True,False,True
33001,urn:mavedb:00000010-a-1#33002,,p.Val23Met,1.01946723259,False,True,False,True
33746,urn:mavedb:00000010-a-1#33747,,p.Ala53Ser,1.01640721574,False,True,False,True
34035,urn:mavedb:00000010-a-1#34036,,p.Gly52Asp,1.01540403589,False,True,False,True
34348,urn:mavedb:00000010-a-1#34349,,p.Lys55Gln,1.0125717945,False,True,False,True
34383,urn:mavedb:00000010-a-1#34384,,p.Glu50Asp,1.0114834661799998,False,True,False,True
34425,urn:mavedb:00000010-a-1#34426,,p.Ala57Val,1.01017679232,False,True,False,True
34451,urn:mavedb:00000010-a-1#34452,,p.Asp35Tyr,1.00946502184,False,True,False,True
34505,urn:mavedb:00000010-a-1#34506,,p.Glu49Gln,1.00771357701,False,True,False,True
34541,urn:mavedb:00000010-a-1#34542,,p.Asp35Asn,1.00640909563,False,True,False,True
34589,urn:mavedb:00000010-a-1#34590,,p.Glu50Ala,1.0052726043200002,False,True,False,True
34591,urn:mavedb:00000010-a-1#34592,,p.Pro75Thr,1.00524680404,False,True,False,True
34613,urn:mavedb:00000010-a-1#34614,,p.Tyr18Phe,1.0044128832,False,True,False,True
34625,urn:mavedb:00000010-a-1#34626,,p.Tyr18His,1.00385474424,False,True,False,True
34626,urn:mavedb:00000010-a-1#34627,,p.Asn67Thr,1.00384306962,False,True,False,True
34684,urn:mavedb:00000010-a-1#34685,,p.Lys55Arg,1.00186627866,False,True,False,True
34771,urn:mavedb:00000010-a-1#34772,,p.Ile32Met,0.999693577759,False,True,False,True
34822,urn:mavedb:00000010-a-1#34823,,p.Lys55Glu,0.998266372686,False,True,False,True
34849,urn:mavedb:00000010-a-1#34850,,p.Gly68Arg,0.997456334177,False,True,False,True
34901,urn:mavedb:00000010-a-1#34902,,p.Asn67Asp,0.995612316046,False,True,False,True
34951,urn:mavedb:00000010-a-1#34952,,p.Gly68Ala,0.994089168331,False,True,False,True
34982,urn:mavedb:00000010-a-1#34983,,p.Glu36Asp,0.993208092099,False,True,False,True
34993,urn:mavedb:00000010-a-1#34994,,p.Ala53Asp,0.993007503441,False,True,False,True
34997,urn:mavedb:00000010-a-1#34998,,p.Thr34Ala,0.992654158307,False,True,False,True
34999,urn:mavedb:00000010-a-1#35000,,p.Asn62His,0.992637584762,False,True,False,True
35014,urn:mavedb:00000010-a-1#35015,,p.Asp35His,0.992290340635,False,True,False,True
35065,urn:mavedb:00000010-a-1#35066,,p.Thr34Ser,0.990831396587,False,True,False,True
35071,urn:mavedb:00000010-a-1#35072,,p.Pro10His,0.990642162198,False,True,False,True
35088,urn:mavedb:00000010-a-1#35089,,p.Pro75Leu,0.990326207784,False,True,False,True
35105,urn:mavedb:00000010-a-1#35106,,p.Asn37Asp,0.989847861805,False,True,False,True
35124,urn:mavedb:00000010-a-1#35125,,p.Glu49Gly,0.989115565375,False,True,False,True
35130,urn:mavedb:00000010-a-1#35131,,p.Lys55Thr,0.98898105684,False,True,False,True
35204,urn:mavedb:00000010-a-1#35205,,p.Asn37Thr,0.986947454462,False,True,False,True
35207,urn:mavedb:00000010-a-1#35208,,p.Glu70Asp,0.986846317104,False,True,False,True
35219,urn:mavedb:00000010-a-1#35220,,p.Glu49Ala,0.986194247575,False,True,False,True
35238,urn:mavedb:00000010-a-1#35239,,p.Asp26Ala,0.985499614889,False,True,False,True
35263,urn:mavedb:00000010-a-1#35264,,p.Leu65Met,0.984495009806,False,True,False,True
35328,urn:mavedb:00000010-a-1#35329,,p.Ala53Thr,0.982946976622,False,True,False,True
35362,urn:mavedb:00000010-a-1#35363,,p.Glu70Gly,0.982113708565,False,True,False,True
35404,urn:mavedb:00000010-a-1#35405,,p.Gly38Ala,0.980699132235,False,True,False,True
35499,urn:mavedb:00000010-a-1#35500,,p.Asp26Asn,0.978529946509,False,True,False,True
35500,urn:mavedb:00000010-a-1#35501,,p.Asn37Ser,0.978501830096,False,True,False,True
35588,urn:mavedb:00000010-a-1#35589,,p.Glu70Gln,0.976396086672,False,True,False,True
35663,urn:mavedb:00000010-a-1#35664,,p.Asp26Glu,0.974267952821,False,True,False,True
35667,urn:mavedb:00000010-a-1#35668,,p.Asp19Asn,0.974213447965,False,True,False,True
35721,urn:mavedb:00000010-a-1#35722,,p.Asp11Ala,0.972866637514,False,True,False,True
35738,urn:mavedb:00000010-a-1#35739,,p.Asp26Val,0.972492756264,False,True,False,True
35756,urn:mavedb:00000010-a-1#35757,,p.Leu28Met,0.972176868695,False,True,False,True
35772,urn:mavedb:00000010-a-1#35773,,p.Asp19His,0.971402937303,False,True,False,True
35806,urn:mavedb:00000010-a-1#35807,,p.Asp19Val,0.970700925816,False,True,False,True
35886,urn:mavedb:00000010-a-1#35887,,p.Glu51Val,0.968400430622,False,True,False,True
35895,urn:mavedb:00000010-a-1#35896,,p.Phe48Tyr,0.968245450143,False,True,False,True
35905,urn:mavedb:00000010-a-1#35906,,p.Asn67Ser,0.968018550922,False,True,False,True
35962,urn:mavedb:00000010-a-1#35963,,p.Ile58Met,0.966399380228,False,True,False,True
36036,urn:mavedb:00000010-a-1#36037,,p.Ala54Ser,0.964776256152,False,True,False,True
36037,urn:mavedb:00000010-a-1#36038,,p.Leu17Met,0.964769751831,False,True,False,True
36090,urn:mavedb:00000010-a-1#36091,,p.Glu70Ala,0.963037741934,False,True,False,True
36096,urn:mavedb:00000010-a-1#36097,,p.Leu8Val,0.962821985972,False,True,False,True
36113,urn:mavedb:00000010-a-1#36114,,p.Asn62Asp,0.962531812096,False,True,False,True
36192,urn:mavedb:00000010-a-1#36193,,p.Gly52Arg,0.960332901016,False,True,False,True
36210,urn:mavedb:00000010-a-1#36211,,p.Ala60Val,0.960047606503,False,True,False,True
36271,urn:mavedb:00000010-a-1#36272,,p.Lys39Asn,0.95818578263,False,True,False,True
36301,urn:mavedb:00000010-a-1#36302,,p.Gly52Cys,0.95765658829,False,True,False,True
36307,urn:mavedb:00000010-a-1#36308,,p.Ile32Leu,0.957526980164,False,True,False,True
36328,urn:mavedb:00000010-a-1#36329,,p.Gly42Ala,0.957030771773,False,True,False,True
36347,urn:mavedb:00000010-a-1#36348,,p.Ile3Leu,0.956552144139,False,True,False,True
36373,urn:mavedb:00000010-a-1#36374,,p.Asn62Tyr,0.955870022636,False,True,False,True
36387,urn:mavedb:00000010-a-1#36388,,p.Asp19Ala,0.955474542763,False,True,False,True
36403,urn:mavedb:00000010-a-1#36404,,p.Ala54Gly,0.955147086021,False,True,False,True
36431,urn:mavedb:00000010-a-1#36432,,p.Leu65Pro,0.954500968814,False,True,False,True
36483,urn:mavedb:00000010-a-1#36484,,p.Ala33Val,0.953042213422,False,True,False,True
36569,urn:mavedb:00000010-a-1#36570,,p.Glu49Val,0.951073498302,False,True,False,True
36571,urn:mavedb:00000010-a-1#36572,,p.Ala53Gly,0.951018819911,False,True,False,True
36573,urn:mavedb:00000010-a-1#36574,,p.Ile58Thr,0.951005359865,False,True,False,True
36598,urn:mavedb:00000010-a-1#36599,,p.Gly63Arg,1.2794706583600002,False,True,False,True
36603,urn:mavedb:00000010-a-1#36604,,p.Lys39Arg,0.950060586044,False,True,False,True
36629,urn:mavedb:00000010-a-1#36630,,p.Phe45Tyr,0.949458100454,False,True,False,True
36634,urn:mavedb:00000010-a-1#36635,,p.Gly52Ser,0.949397090469,False,True,False,True
36655,urn:mavedb:00000010-a-1#36656,,p.Lys55Asn,0.948953542257,False,True,False,True
36711,urn:mavedb:00000010-a-1#36712,,p.Ile32Val,0.94762465918,False,True,False,True
36714,urn:mavedb:00000010-a-1#36715,,p.Phe21Cys,0.947524139967,False,True,False,True
36734,urn:mavedb:00000010-a-1#36735,,p.Leu8Met,0.946810992718,False,True,False,True
36780,urn:mavedb:00000010-a-1#36781,,p.Thr34Ile,0.945462091812,False,True,False,True
36808,urn:mavedb:00000010-a-1#36809,,p.Asp35Glu,0.944627340869,False,True,False,True
36829,urn:mavedb:00000010-a-1#36830,,p.Asp11Tyr,0.944138144479,False,True,False,True
36879,urn:mavedb:00000010-a-1#36880,,p.Phe21Ile,0.943006660272,False,True,False,True
36888,urn:mavedb:00000010-a-1#36889,,p.Lys39Ile,0.942820691762,False,True,False,True
36889,urn:mavedb:00000010-a-1#36890,,p.Lys39Thr,0.942795105519,False,True,False,True
36912,urn:mavedb:00000010-a-1#36913,,p.Lys55Met,0.942127618842,False,True,False,True
36972,urn:mavedb:00000010-a-1#36973,,p.Met64Val,0.94046532054,False,True,False,True
36985,urn:mavedb:00000010-a-1#36986,,p.Ala60Ser,0.939967581857,False,True,False,True
36995,urn:mavedb:00000010-a-1#36996,,p.Glu70Val,0.939699591539,False,True,False,True
37007,urn:mavedb:00000010-a-1#37008,,p.Asp26Gly,0.939305972882,False,True,False,True
37040,urn:mavedb:00000010-a-1#37041,,p.Asn7Ser,0.938513911615,False,True,False,True
37080,urn:mavedb:00000010-a-1#37081,,p.Gly63Ser,0.937625075824,False,True,False,True
37082,urn:mavedb:00000010-a-1#37083,,p.Asn67Ile,0.937524048148,False,True,False,True
37154,urn:mavedb:00000010-a-1#37155,,p.Lys39Gln,0.936046115163,False,True,False,True
37212,urn:mavedb:00000010-a-1#37213,,p.Asp13Asn,0.934821970733,False,True,False,True
37265,urn:mavedb:00000010-a-1#37266,,p.Gly68Cys,0.933225191378,False,True,False,True
37285,urn:mavedb:00000010-a-1#37286,,p.Leu65Arg,0.932539433398,False,True,False,True
37349,urn:mavedb:00000010-a-1#37350,,p.Leu65Gln,0.930791896709,False,True,False,True
37451,urn:mavedb:00000010-a-1#37452,,p.Asp26His,0.928274297556,False,True,False,True
37468,urn:mavedb:00000010-a-1#37469,,p.Ser40Ala,0.927940267326,False,True,False,True
37472,urn:mavedb:00000010-a-1#37473,,p.Lys39Glu,0.927805075325,False,True,False,True
37473,urn:mavedb:00000010-a-1#37474,,p.Asn37Ile,0.927742374677,False,True,False,True
37488,urn:mavedb:00000010-a-1#37489,,p.Ile5Met,0.927107067957,False,True,False,True
37556,urn:mavedb:00000010-a-1#37557,,p.Asn67Lys,0.925284515916,False,True,False,True
37569,urn:mavedb:00000010-a-1#37570,,p.Glu51Asp,0.924992674926,False,True,False,True
37575,urn:mavedb:00000010-a-1#37576,,p.Ala53Pro,0.924839133627,False,True,False,True
37605,urn:mavedb:00000010-a-1#37606,,p.Ser30Cys,0.924188720746,False,True,False,True
37607,urn:mavedb:00000010-a-1#37608,,p.Leu8Phe,0.924148958309,False,True,False,True
37648,urn:mavedb:00000010-a-1#37649,,p.Met64Ile,0.923263262526,False,True,False,True
37680,urn:mavedb:00000010-a-1#37681,,p.Ile58Leu,0.922618922148,False,True,False,True
37696,urn:mavedb:00000010-a-1#37697,,p.Asn7His,0.922015851385,False,True,False,True
37763,urn:mavedb:00000010-a-1#37764,,p.Asp59Ala,0.92025161714,False,True,False,True
37867,urn:mavedb:00000010-a-1#37868,,p.Leu66Ser,0.917796963123,False,True,False,True
37873,urn:mavedb:00000010-a-1#37874,,p.Ala57Ser,0.917549262242,False,True,False,True
37929,urn:mavedb:00000010-a-1#37930,,p.Ala57Thr,0.916241810374,False,True,False,True
38013,urn:mavedb:00000010-a-1#38014,,p.Asn37Tyr,0.914194103321,False,True,False,True
38021,urn:mavedb:00000010-a-1#38022,,p.Asp13His,0.91398367337,False,True,False,True
38060,urn:mavedb:00000010-a-1#38061,,p.Glu49Asp,0.913007681257,False,True,False,True
38092,urn:mavedb:00000010-a-1#38093,,p.Ser40Pro,0.912190992833,False,True,False,True
38167,urn:mavedb:00000010-a-1#38168,,p.Thr34Pro,0.910218364409,False,True,False,True
38227,urn:mavedb:00000010-a-1#38228,,p.Ala33Pro,0.909068129455,False,True,False,True
38251,urn:mavedb:00000010-a-1#38252,,p.Asp59Tyr,0.908589690276,False,True,False,True
38307,urn:mavedb:00000010-a-1#38308,,p.Glu51Lys,0.906989159014,False,True,False,True
38308,urn:mavedb:00000010-a-1#38309,,p.Ile3Val,0.906883750097,False,True,False,True
38368,urn:mavedb:00000010-a-1#38369,,p.Asp11Val,0.905118947598,False,True,False,True
38500,urn:mavedb:00000010-a-1#38501,,p.Glu51Gly,0.902172872857,False,True,False,True
38511,urn:mavedb:00000010-a-1#38512,,p.Asp26Tyr,0.901869520052,False,True,False,True
38541,urn:mavedb:00000010-a-1#38542,,p.Glu56Gln,0.901113459247,False,True,False,True
38550,urn:mavedb:00000010-a-1#38551,,p.His9Gln,0.9006182223170001,False,True,False,True
38613,urn:mavedb:00000010-a-1#38614,,p.Gly38Glu,0.899167117589,False,True,False,True
38661,urn:mavedb:00000010-a-1#38662,,p.Glu51Ala,0.897948708696,False,True,False,True
38701,urn:mavedb:00000010-a-1#38702,,p.Thr34Asn,0.896891167196,False,True,False,True
38705,urn:mavedb:00000010-a-1#38706,,p.Tyr72Phe,0.896740006661,False,True,False,True
38758,urn:mavedb:00000010-a-1#38759,,p.Asp59Val,0.8953281100820001,False,True,False,True
38802,urn:mavedb:00000010-a-1#38803,,p.Asp59His,0.894010197539,False,True,False,True
38918,urn:mavedb:00000010-a-1#38919,,p.Ser40Thr,0.891848648414,False,True,False,True
39121,urn:mavedb:00000010-a-1#39122,,p.Asp59Gly,0.8869585213160001,False,True,False,True
39124,urn:mavedb:00000010-a-1#39125,,p.Asp19Tyr,0.8868773957539999,False,True,False,True
39232,urn:mavedb:00000010-a-1#39233,,p.Asn14Ser,0.884585633071,False,True,False,True
39266,urn:mavedb:00000010-a-1#39267,,p.Asn14His,0.8836812731489999,False,True,False,True
39273,urn:mavedb:00000010-a-1#39274,,p.Val23Glu,0.883449633443,False,True,False,True
39358,urn:mavedb:00000010-a-1#39359,,p.Asp11Asn,0.881276303174,False,True,False,True
39373,urn:mavedb:00000010-a-1#39374,,p.Glu56Val,0.880837011154,False,True,False,True
39394,urn:mavedb:00000010-a-1#39395,,p.Glu50Gly,0.8804627184010001,False,True,False,True
39536,urn:mavedb:00000010-a-1#39537,,p.Glu51Gln,0.876837102635,False,True,False,True
39554,urn:mavedb:00000010-a-1#39555,,p.Asp19Gly,0.876154052286,False,True,False,True
39573,urn:mavedb:00000010-a-1#39574,,p.Val46Ala,0.875520121927,False,True,False,True
39658,urn:mavedb:00000010-a-1#39659,,p.Ala33Ser,0.873176232512,False,True,False,True
39740,urn:mavedb:00000010-a-1#39741,,p.Asp35Val,0.8709217006559999,False,True,False,True
39768,urn:mavedb:00000010-a-1#39769,,p.Phe43Tyr,0.870284839445,False,True,False,True
39790,urn:mavedb:00000010-a-1#39791,,p.Asp59Asn,0.869828384624,False,True,False,True
39825,urn:mavedb:00000010-a-1#39826,,p.Glu56Gly,0.868882669984,False,True,False,True
39873,urn:mavedb:00000010-a-1#39874,,p.Glu56Ala,0.867824446303,False,True,False,True
39913,urn:mavedb:00000010-a-1#39914,,p.Ala74Val,0.867020787622,False,True,False,True
39985,urn:mavedb:00000010-a-1#39986,,p.Ser22Ala,0.865589756491,False,True,False,True
40035,urn:mavedb:00000010-a-1#40036,,p.Phe21Val,0.8640840521500001,False,True,False,True
40170,urn:mavedb:00000010-a-1#40171,,p.Ser40Phe,0.861201739871,False,True,False,True
40294,urn:mavedb:00000010-a-1#40295,,p.Ile5Val,0.858048625468,False,True,False,True
40303,urn:mavedb:00000010-a-1#40304,,p.Asn14Asp,0.85770869136,False,True,False,True
40365,urn:mavedb:00000010-a-1#40366,,p.Asn14Thr,0.8559698149889999,False,True,False,True
40451,urn:mavedb:00000010-a-1#40452,,p.Lys6Arg,0.854050198103,False,True,False,True
40477,urn:mavedb:00000010-a-1#40478,,p.Asp11Glu,0.853471762893,False,True,False,True
40670,urn:mavedb:00000010-a-1#40671,,p.Tyr18Ser,0.848158596285,False,True,False,True
40771,urn:mavedb:00000010-a-1#40772,,p.Ser22Cys,0.845823206677,False,True,False,True
40838,urn:mavedb:00000010-a-1#40839,,p.Ser22Phe,0.8441216766509999,False,True,False,True
